7102	47.79411	67.70628	Zhezkazgan	geonames:1516589
71030	48.68659	71.64469	Atasu	geonames:1526041
71031	48.76788	73.67272	Aqsu-Ayuly	geonames:1526636
71032	48.01085	70.80058	Karazhal	geonames:1519935
71033	48.26014	72.85851	Agadyr	geonames:1526274
71034	48.06335	67.05485	Zhezdi	geonames:1516593
71035	48.65504	67.00586	Ulytau	geonames:1517743
71036	46.84546	74.98213	Balkhash	geonames:1525798
71037	48.31636	74.98293	Aqtogai	geonames:1526572
71038	46.80714	75.036	Shashubai	geonames:1537253
71039	46.02205	73.69086	Priozersk	geonames:7536148 moved 1.3 km into area
71040	48.27085	70.24611	Zhairem	geonames:13436647
71042	48.85692	72.83598	Zharyq	geonames:1516678
71043	48.27085	70.24611	Zhairem	geonames:13436647
71063	47.90409	67.54112	Satpayev	geonames:1520692
7112	51.24601	51.42558	Oral	geonames:608668
71130	51.19801	50.85291	Peremetnoye	geonames:608629
71131	51.33333	51.73333	Darinsk	geonames:610055
71132	51.2221	51.95731	Fyodorovka	geonames:609915
71133	51.1681	52.99782	Aksai	geonames:610613
71134	50.25645	52.59707	Zhympity	geonames:609977
71135	49.42278	46.84626	Zhanibek	geonames:609953
71136	50.18888	51.16978	Chapayev	geonames:610132
71137	51.09959	54.08412	Shynghyrlau	geonames:610091
71138	49.66602	49.47378	Zhalpaqtal	geonames:609903
71139	51.11073	50.29454	Tasqala	geonames:609721
71140	48.81441	46.76946	Saikhin	geonames:608414
71141	49.21532	50.29009	Zhangala	geonames:609965
71142	49.03674	51.82965	Taipaq	geonames:609730
71143	50.77487	51.22805	Aqzhaiyq	geonames:12300393
71144	49.76702	48.6893	Qaztalovka	geonames:609454
71145	49.68914	53.51005	Qaratobe	geonames:609544
7122	47.1048	51.88427	Atyrau	geonames:610529
71230	46.38422	53.46724	Tengiz	geonames:828387
71231	47.22107	51.0063	Aqqystau	geonames:610743
71233	46.60579	49.2704	Ganyushkino	geonames:609900
71234	48.55	51.78333	Inder	geonames:609798
71235	47.53234	52.9709	Dossor	geonames:610023
71236	47.67061	51.58598	Makhambet	geonames:608915
71237	46.95307	54.01978	Kulsary	geonames:609123
71238	48.88548	53.79168	Miyaly	geonames:608816
71239	47.64967	53.34291	Maqat	geonames:608872
7132	50.27969	57.20718	Aktobe	geonames:610611
71331	50.90131	57.10142	Andreyevka	geonames:610625
71332	49.0725	54.66304	Oiyl	geonames:608647
71333	49.46917	57.41865	Kandyagash	geonames:608679
71334	48.82981	58.15042	Embi	geonames:609924
71335	47.83154	59.61926	Shalqar	geonames:608359
71336	50.25161	58.43574	Khromtau	geonames:609404
71337	49.89863	57.32787	Alga	geonames:610658
71339	50.43326	60.5004	Komsomolskoye	geonames:1522331
71340	50.14928	55.66889	Qobda	geonames:608724
71341	49.82991	55.22431	Begala	geonames:610364
71342	50.56183	58.2772	Badamsha	geonames:610416
71343	48.61958	61.26067	Yrgyz	geonames:1517136
71345	48.68975	55.87512	Karauylkeldi	geonames:610386
71346	49.14391	56.48196	Shubarqudyq	geonames:608271
7142	53.21435	63.62463	Kostanay	geonames:1519928
71430	50.25031	66.90384	Arkalyk	geonames:1526193
71431	52.97244	63.11055	Rudny	geonames:1519843
71433	52.54488	62.49893	Lisakovsk	geonames:1521315
71434	52.44772	61.74942	Denisovka	geonames:1520381
71435	52.19019	61.19894	Zhitiqara	geonames:1516601
71436	52.83554	62.52078	Taranovskoye	geonames:1518462
71437	51.96382	61.78641	Qamysty	geonames:1523543
71439	49.63072	63.49035	Torgai	geonames:1518062
71440	50.18271	65.18966	Amangeldy	geonames:1526344
71441	53.75019	62.0584	Qarabalyq	geonames:1522348
71442	53.63809	62.69653	Fyodorovka	geonames:1524282
71443	53.7927	64.18268	Borovskoi	geonames:1525121
71444	54.03782	65.3354	Uzynkol	geonames:1521348
71445	53.07952	64.29521	Obagan	geonames:11508441
71447	53.99271	61.69591	Qairaq	geonames:11507419
71448	52.11106	65.67578	Oktyabrskoye	geonames:1520425
71451	53.31891	65.53923	Sarykol	geonames:1517717
71452	52.65995	65.48421	Qarasu	geonames:1523149
71453	52.3585	64.13429	Auliekol	geonames:1519417
71454	51.65708	64.22535	Karamendi	geonames:1524577
71455	53.20666	63.70038	Zatobolsk	geonames:1517073
71456	53.36799	62.86839	Kachar	geonames:1519932
71458	51.98449	62.3494	Krasnogorskoye	ru.wikipedia
71497	53.21435	63.62463	Kostanay	geonames:1519928
7152	54.87343	69.15065	Petropavl	geonames:1520172
71531	54.90596	70.44155	Bulayevo	geonames:1525014
71532	54.5148	69.42732	Smirnovo	geonames:1518936
71533	53.2927	68.105	Saumalkol	geonames:1517410
71534	53.88139	67.40882	Sergeyevka	geonames:1519385
71535	53.19806	66.76944	Novoishimskiy	geonames:1535379
71536	53.84796	69.76773	Taiynsha	geonames:1522035
71537	53.74947	66.48852	Timiryazevo	geonames:1518009
71538	54.77763	69.09951	Beskol	geonames:1525295
71541	54.93896	68.53889	Mamlyutka	geonames:1521153
71542	53.63589	72.34079	Kishkenekol	geonames:1521401
71543	54.34525	68.4574	Yavlenka	geonames:1517305
71544	54.6693	67.14912	Presnovka	geonames:1520051
71546	53.63736	71.87404	Talshik	geonames:1518511
7162	53.28414	69.39364	Kokshetau	geonames:1522203
71630	53.08382	70.31379	Burabai	geonames:1525126
71631	51.69934	70.99129	Shortandy	geonames:1519050
71632	52.90599	69.15593	Zerendi	geonames:1517047
71633	51.62364	73.10265	Ereimentau	geonames:1524302
71635	51.91058	67.31665	Zhaqsy	geonames:1517020
71636	52.93592	70.18895	Shchuchinsk	geonames:1519244
71637	50.58371	70.0189	Qorgalzhyn	geonames:1521750
71638	51.99374	70.94704	Aqkol	geonames:1526443
71639	52.83489	70.78861	Stepnyak	geonames:1518768
71640	52.51779	68.7516	Balqashyn	geonames:1525809
71641	51.53068	69.79685	Astrakhan	geonames:1526059
71642	51.05227	69.47511	Egindikol	geonames:1521998
71643	51.80854	68.35823	Atbasar	geonames:1526038
71644	50.83112	72.17995	Arshaly	geonames:1517443
71645	52.35062	71.88161	Stepnogorsk	geonames:1537939
71646	52.6329	70.41911	Makinsk	geonames:1521230
71647	51.95453	66.40772	Esil	geonames:1524296
71648	51.09718	66.31875	Derzhavinsk	geonames:1524606
71651	50.75	70.83333	Manshuk	geonames:1523920
7172	51.1801	71.44598	Astana	geonames:1526273
7182	52.27601	76.96881	Pavlodar	geonames:1520240
71831	53.5388	75.31326	Zhelezinka	geonames:1516634
71832	53.33365	75.45775	Irtyshsk	geonames:1523768
71833	53.06649	76.10489	Qashyr	geonames:1523662
71834	52.90622	77.85287	Qonyrozek	geonames:1520233
71835	51.72371	75.32287	Ekibastuz	geonames:1524325
71836	52.49087	78.15556	Sharbaqty	geonames:1519246
71837	52.04023	76.92748	Aksu	geonames:1524298
71838	51.52983	77.47146	Koktobe	geonames:1525504
71839	51.46967	77.77857	Aqqu	geonames:1521381
71840	50.79304	75.70123	Bayanauyl	geonames:1525650
71841	53.00888	75.98495	Aqtogai	geonames:1522021
71845	52.749	76.65164	Chernoretskoye	geonames:1524829
7187	51.72371	75.32287	Ekibastuz	geonames:1524325
7212	49.80187	73.10211	Karaganda	geonames:609655
7213	49.77952	72.96128	Aktas	geonames:1526619
7213	50.05197	72.95497	Temirtau	geonames:1518262
72131	49.63539	72.86523	Abai	geonames:1526970
72137	49.80245	72.83186	Saran	geonames:1519725
72138	50.12082	73.16777	Gabiden Mustafin	geonames:1518112 moved 0.8 km into area
72144	50.26159	71.54802	Kiyevka	geonames:1522605
72146	49.41244	75.47228	Qarqaraly	geonames:1519934
72147	49.78623	76.38945	Egindibulaq	geonames:1517290
72148	50.72373	73.53046	Molodezhnoye	geonames:1520878
72149	50.56315	72.57278	Osakarovka	geonames:1520327
72153	49.51848	72.82199	Topar	geonames:1518071
72154	50.05928	73.71524	Botakara	geonames:1517746
72156	49.70713	72.59321	Shakhtinsk	geonames:1519327
7222	50.42064	80.25025	Semey	geonames:1519422
72230	47.09302	81.62939	Urzhar	geonames:1517721
72236	50.88671	79.48229	Besqaragai	geonames:1525199
72237	47.96447	80.43437	Ayagoz	geonames:1525988
72239	46.78166	82.02258	Makanshy	geonames:1521126
72246	48.17394	78.66884	Barshatas	geonames:1525736
72251	50.75617	78.54188	Kurchatov	geonames:1520885
72252	48.94509	79.25502	Qarauyl	geonames:1519936
72256	49.20041	77.38227	Qainar	geonames:1522900
72257	50.38565	81.08944	Shulbinsk	geonames:1519006
7232	49.97143	82.60586	Oskemen	geonames:1520316
72331	50.13887	82.31114	Glubokoye	geonames:1524227
72332	50.62899	81.91092	Shemonaikha	geonames:1519226
72333	49.02247	83.36634	Samarskoye	geonames:1519756
72334	50.16801	82.05236	Tavricheskoye	geonames:1518333
72335	49.73626	84.25416	Altai	geonames:1516438
72336	50.34524	83.51562	Ridder	geonames:1521370
72337	49.68402	83.29677	Serebryansk	geonames:1519395
72338	49.53124	82.40542	Bozanbai	geonames:1520710
72338	49.87386	82.49485	Molodezhnyi	geonames:1484007
72339	48.56603	83.66146	Kurshim	geonames:1521762
72340	47.46657	84.87144	Zaisan	geonames:1517060
72341	49.21245	84.50758	Ulken Naryn	geonames:1525197
72342	49.17509	85.60236	Qaton-Qaragai	geonames:1522927
72343	48.42648	85.73474	Terekti	geonames:1526447
72344	47.58193	83.6874	Aqzhar	geonames:1526537
72345	49.5872	81.04883	Shar	geonames:1519275
72346	47.76124	82.80858	Aqsuat	geonames:1526650
72347	49.33009	81.57275	Kalbatau	geonames:1524245
72348	48.7553	82.38617	Kokpekti	geonames:1522505
72351	50.71841	80.9295	Borodulikha	geonames:1525134
72353	50.53978	81.32882	Zhana Shulba	geonames:1520656
7242	44.85278	65.50917	Kyzylorda	geonames:1519922
72431	45.07958	64.68175	Zhalagash	geonames:1524478
72432	44.17057	66.73376	Shiyeli	geonames:1524801
72433	46.80174	61.66312	Aral	geonames:1526265
72435	43.90652	67.24637	Zhanaqorgan	geonames:1517323
72436	45.05048	64.98258	Terenozek	geonames:1518203
72437	45.48778	64.07806	Zhosaly	geonames:1516519
72438	45.84806	62.15254	Aiteke bi	geonames:1516789
72439	46.26528	60.08778	Aqbasty	geonames:1526887
7252	42.30988	69.60042	Shymkent	geonames:1518980
72530	42.59998	69.25836	Temirlan	geonames:1518266
72531	42.42193	69.82709	Aqsukent	geonames:1525462
72532	41.34682	68.9504	Abai	geonames:1526973
72533	43.29458	68.25685	Turkistan	geonames:1517945
72534	40.77631	68.32774	Zhetisai	geonames:1524385
72535	41.25832	67.96991	Shardara	geonames:1524889
72536	43.51672	68.50463	Kentau	geonames:1522751
72537	41.46042	69.16791	Saryagash	geonames:1519673
72538	42.5334	70.3496	Turar Ryskulov	geonames:1517501
72539	41.7564	69.3839	Qazygurt	geonames:1521351
72540	42.43015	68.8087	Arys	geonames:1526168
72541	40.66338	68.5451	Myrzakent	geonames:1518945
72542	40.8946	68.3643	Asyqata	geonames:1522643
72544	42.79097	68.37172	Shauildir	geonames:1519259
72545	43.19126	68.52544	Ikan	geonames:1518792
72546	43.76453	69.17856	Sholaqqorgan	geonames:1524703
72547	42.18152	69.88582	Lenger	geonames:1521379
72548	43.03399	69.38048	Shayan	geonames:1524871
7262	42.89799	71.37334	Taraz	geonames:1516905
72622	42.89799	71.37334	Taraz	geonames:1516905
72631	42.91018	72.71571	Qulan	geonames:1521292
72632	42.87183	73.19648	Merki	geonames:1520969
72633	43.03735	71.14737	Assa	geonames:1526066
72634	43.56274	69.73209	Zhanatas	geonames:1516788
72635	42.61419	70.76975	Bauyrzhan Momyshuly	geonames:1524965
72636	43.03882	74.71287	Qordai	geonames:1524243
72637	43.00929	71.5101	Sarykemer	geonames:1520947
72638	43.68292	73.76194	Tole bi	geonames:1520536
72639	43.73709	69.91645	Saudakent	geonames:1525624
72641	43.43029	70.77509	Akkol	geonames:1526805
72642	44.28314	72.94369	Moiynqum	geonames:1524265
72643	43.60507	73.76221	Shu	geonames:1519030
72644	43.17959	70.4592	Qaratau	geonames:1519938
727	43.25249	76.9115	Almaty	geonames:1526384
72752	43.41973	77.01569	Otegen Batyr	geonames:1524308 moved 0.5 km into area
72757	43.97549	76.33596	Aqshi	geonames:1484885
72770	43.22259	76.31871	Uzynagash	geonames:1517563
72771	43.19839	76.63099	Qaskelen	geonames:1519931
72772	43.86681	77.06304	Konaev	geonames:1519948
72773	44.80595	76.27464	Baqanas	geonames:1525850
72774	43.30235	77.23811	Talgar	geonames:1518518
72775	43.3552	77.45245	Essik	geonames:1523741
72776	43.59623	78.25745	Shelek	geonames:1519230
72777	43.01451	79.22638	Kegen	geonames:1522818
72778	43.53813	79.46582	Shonzha	geonames:1524696
72779	42.72636	80.17495	Narynqol	geonames:1520747
7282	45.01556	78.37389	Taldykorgan	geonames:1518542
72831	44.16619	80.00736	Zharkent	geonames:1520253
72832	45.39743	79.50345	Zhansugurov	geonames:1516776
72833	46.16926	80.94331	Usharal	geonames:1517836
72834	45.25258	77.98284	Ushtobe	geonames:1517637
72835	44.8678	78.72807	Tekeli	geonames:1518296
72836	44.90881	78.49044	Qarabulaq	geonames:1522738
72837	45.83428	80.62764	Qabanbai	geonames:1519949
72838	44.90115	78.22933	Balpyq bi	geonames:1522642
72839	45.41322	79.91713	Sarqand	geonames:1519691
72840	44.36178	77.97279	Saryozek	geonames:1519580
72841	45.13333	79.05	Qapal	geonames:1523501
72842	44.48169	78.65439	Qogaly	geonames:1521910
72843	46.23426	78.94034	Lepsi	geonames:1521333
7292	43.66105	51.17392	Aktau	geonames:610612
72931	44.13922	52.15305	Shetpe	geonames:608324
72932	45.31667	55.2	Beineu	geonames:610298
72934	43.34116	52.86192	Zhanaozen	geonames:607610
72935	43.58928	52.10313	Zhetybai	geonames:607551
72937	43.18032	51.68116	Quryq	geonames:609919
72938	44.50654	50.26388	Fort Shevchenko	geonames:609906
