940	14.13827	-16.07145	ASSURANCE LA SÉCURITÉ SÉNÉGALAISE	osm
940	14.13843	-16.07138	Assurances La Sécurité Sénégalaise	osm
940	14.13825	-16.07149	ASSURANCES LA SÉCURITÉ SÉNÉGALAISE	osm
941	14.15591	-16.10768	Auberge Djolouff Inn	osm
941	14.13557	-16.08439	Auberge L'Etape	osm
941	14.14406	-16.07935	Centre de formation Kaggu Sitooe	osm
941	14.13898	-16.07966	Division régionale de l'urbanisme et de l'habitaT	osm
941	14.15197	-16.07259	Kaolack	directory+geonames:2250805 pharmacies
941	14.15197	-16.07259	Kaolack	directory+geonames:2250805 pharmacies
941	14.15197	-16.07259	Kaolack	directory+geonames:2250805 pharmacies
941	14.15197	-16.07259	Kaolack	directory+geonames:2250805 annuaire
941	14.15197	-16.07259	Kaolack	directory+geonames:2250805 gga
941	14.15197	-16.07259	Kaolack	directory+geonames:2250805 pharmacies
941	14.15197	-16.07259	Kaolack	directory+geonames:2250805 administrations
941	14.15197	-16.07259	Kaolack	directory+geonames:2250805 gga+ipmse
941	14.15197	-16.07259	Kaolack	directory+geonames:2250805 pharmacies
941	14.15197	-16.07259	Kaolack	directory+geonames:2250805 pharmacies
941	14.15197	-16.07259	Kaolack	directory+geonames:2250805 pharmacies
941	14.15197	-16.07259	Kaolack	directory+geonames:2250805 pharmacies
941	14.15197	-16.07259	Kaolack	directory+geonames:2250805 justice
941	14.15197	-16.07259	Kaolack	directory+geonames:2250805 pharmacies
941	14.15197	-16.07259	Kaolack	directory+geonames:2250805 administrations
941	14.15197	-16.07259	Kaolack	directory+geonames:2250805 pharmacies
941	14.15197	-16.07259	Kaolack	directory+geonames:2250805 pharmacies+gga
941	14.15197	-16.07259	Kaolack	directory+geonames:2250805 ipmse
941	14.15197	-16.07259	Kaolack	directory+geonames:2250805 pharmacies
941	14.15197	-16.07259	Kaolack	directory+geonames:2250805 pharmacies
941	14.15197	-16.07259	Kaolack	directory+geonames:2250805 pharmacies
941	14.15197	-16.07259	Kaolack	directory+geonames:2250805 pharmacies
941	14.15197	-16.07259	Kaolack	directory+geonames:2250805 administrations
941	14.15197	-16.07259	Kaolack	directory+geonames:2250805 pharmacies
941	14.15197	-16.07259	Kaolack	directory+geonames:2250805 pharmacies+gga
941	14.15197	-16.07259	Kaolack	directory+geonames:2250805 pharmacies
941	14.15197	-16.07259	Kaolack	directory+geonames:2250805 pharmacies
941	14.15197	-16.07259	Kaolack	directory+geonames:2250805 justice
941	14.15197	-16.07259	Kaolack	directory+geonames:2250805 gga
941	14.08813	-16.06789	Koutal	directory+geonames:2249480 justice
941	14.18645	-16.15947	Sibassor	directory+geonames:2245608 administrations
942	14.14313	-16.08658	Division régionale de l'environnement et des établissements classés	osm
942	14.15197	-16.07259	Kaolack	directory+geonames:2250805 gga
942	14.15197	-16.07259	Kaolack	directory+geonames:2250805 justice
943	14.01715	-16.01891	Koumbal	directory+geonames:2249592 administrations
943	13.95000	-16.16667	Ndiédieng	directory+geonames:2247804 administrations
943	13.91667	-15.93333	Ndoffane	directory+geonames:2247660 pharmacies
944	13.84720	-16.05774	Keur Madiabel	directory+geonames:2250306 pharmacies
944	13.60000	-15.58333	Médina Sabakh	directory+geonames:2248424 pharmacies
944	13.60000	-15.58333	Médina Sabakh	directory+geonames:2248424 administrations
944	13.75000	-15.80000	Nioro du Rip	directory+geonames:2247157 justice
944	13.75000	-15.80000	Nioro du Rip	directory+geonames:2247157 pharmacies
944	13.75000	-15.80000	Nioro du Rip	directory+geonames:2247157 administrations
944	13.78333	-15.81667	Paoskoto	directory+geonames:2246807 administrations
944	13.76667	-15.90000	Taïba Niassène	directory+geonames:2245071 pharmacies
944	13.75000	-16.06667	Wack Ngouna	directory+geonames:2244079 administrations
945	13.78044	-16.46954	Centre d'Interprétation de Toubacouta	osm
945	13.78421	-16.47235	Delta Saloum Fishing Maison d'hôtes	osm
945	14.10594	-15.55080	Kaffrine	directory+geonames:2251007 justice
946	14.08908	-15.29195	Pharmacie Maleme Hoddar	osm
946	14.09990	-15.55602	World Vision	osm
946	14.12933	-15.74409	Birkelane	directory+geonames:2253844 administrations
946	14.12933	-15.74409	Birkelane	directory+geonames:2253844 pharmacies
946	14.10594	-15.55080	Kaffrine	directory+geonames:2251007 administrations
946	14.10594	-15.55080	Kaffrine	directory+geonames:2251007 pharmacies
946	14.10594	-15.55080	Kaffrine	directory+geonames:2251007 ansd
946	14.10594	-15.55080	Kaffrine	directory+geonames:2251007 gga
946	14.10594	-15.55080	Kaffrine	directory+geonames:2251007 gga
946	13.98333	-14.80000	Koungheul	directory+geonames:2249554 justice
946	14.03591	-15.02368	Maka Yop	directory+geonames:2248936 administrations
946	14.08873	-15.29197	Malem Hodar	directory+geonames:2248788 administrations
946	13.83333	-15.41667	Nganda	directory+geonames:2247520 administrations
947	14.48409	-16.11377	Gossas	directory+geonames:2251490 justice
947	14.48409	-16.11377	Gossas	directory+geonames:2251490 justice
947	14.48409	-16.11377	Gossas	directory+geonames:2251490 pharmacies
947	14.26950	-15.94508	Guinguinéo	directory+geonames:2251230 pharmacies
947	14.20764	-16.02038	Mbadakhoune	directory+geonames:2248722 administrations
947	14.43625	-16.05430	Ouadiour	directory+geonames:2247076 administrations
948	13.78700	-16.47744	Keur Saloum	osm
948	13.78468	-16.47741	Les Palétuviers boutique hotel	osm
948	14.05760	-16.33434	Djilor	directory+geonames:2252233 administrations
948	14.12272	-16.46916	Foundiougne	directory+geonames:2251791 justice
948	14.12272	-16.46916	Foundiougne	directory+geonames:2251791 administrations
948	13.60661	-16.42427	Karang	directory+geonames:2250773 pharmacies
948	13.85827	-16.72332	Niodior	directory+geonames:2247183 administrations
948	13.98587	-16.26179	Passi	directory+geonames:2246780 pharmacies
948	13.87821	-16.36820	Sokone	directory+geonames:2245241 pharmacies
948	13.78104	-16.47015	Toubacouta	directory+geonames:2244303 administrations
949	14.07290	-16.68886	Auberge Bouffe	osm
949	14.34750	-16.40693	Bureaux PDIF fatick	osm
949	14.07341	-16.69230	Pélican du Saloum	osm
949	14.46317	-16.28943	Diakhao	directory+geonames:2252899 administrations
949	14.18990	-16.66089	Diofior	directory+geonames:2252473 pharmacies
949	14.33236	-16.40513	Fatick	directory+geonames:2251911 administrations
949	14.33236	-16.40513	Fatick	directory+geonames:2251911 justice
949	14.33236	-16.40513	Fatick	directory+geonames:2251911 gga
949	14.33236	-16.40513	Fatick	directory+geonames:2251911 administrations
949	14.33236	-16.40513	Fatick	directory+geonames:2251911 pharmacies+gga
949	14.33236	-16.40513	Fatick	directory+geonames:2251911 pharmacies
949	14.33236	-16.40513	Fatick	directory+geonames:2251911 gga
949	14.33236	-16.40513	Fatick	directory+geonames:2251911 gga
949	14.13319	-16.66152	Fimela	directory+geonames:2251845 administrations
949	14.48170	-16.39887	Niakhar	directory+geonames:2247304 administrations
949	14.42550	-16.60617	Tattaguine	directory+geonames:2244914 administrations
951	14.79189	-16.93727	ADT / GERT	osm
951	14.77545	-16.93737	CEEDD	osm
951	14.78115	-16.92979	CEM Djibril Diaw	osm
951	14.79240	-16.94217	CEM El Hadj Malick Sy	osm
951	14.78615	-16.93091	CEM Mamadou Diaw	osm
951	14.76994	-16.93925	CEM Mbour 2	osm
951	14.77081	-16.93024	Cem Parcelles Assainies	osm
951	14.79773	-16.91529	Centre d'Enseignement Professionnel de Thies	osm
951	14.79352	-16.92606	Croissant Magique	osm
951	14.77528	-16.93660	Ecole Abdel Kader Ndiaye	osm
951	14.79114	-16.94129	Ecole Abdoulaye Khady Diop	osm
951	14.79339	-16.96464	École Polytechnique de Thiès	osm
951	14.80075	-16.93256	École primaire Daniel Brottier	osm
951	14.78956	-16.92975	Inspection d'Académie de Thiès	osm
951	14.79186	-16.93552	Institut Supérieur de Formation Professionnelle	osm
951	14.80315	-16.93442	ISAE-UCAO	osm
951	14.79180	-16.93560	ISEP (Administration)	osm
951	14.79044	-16.93266	IUT Thiès	osm
951	14.78435	-16.93921	Lycée Malick Sy	osm
951	14.81474	-16.93563	Lycée Technique et Professionnel Monseigneur François Xavier Ndione	osm
951	14.79125	-16.92880	Office National de l'Assainissement du Sénégal, Service régionale de Thiès	osm
951	14.78944	-16.92602	Thiès	directory+geonames:2244802 gga
951	14.78944	-16.92602	Thiès	directory+geonames:2244802 pharmacies
951	14.78944	-16.92602	Thiès	directory+geonames:2244802 pharmacies+gga
951	14.78944	-16.92602	Thiès	directory+geonames:2244802 justice
951	14.78944	-16.92602	Thiès	directory+geonames:2244802 pharmacies
951	14.78944	-16.92602	Thiès	directory+geonames:2244802 pharmacies
951	14.78944	-16.92602	Thiès	directory+geonames:2244802 pharmacies
951	14.78944	-16.92602	Thiès	directory+geonames:2244802 pharmacies
951	14.78944	-16.92602	Thiès	directory+geonames:2244802 pharmacies
951	14.78944	-16.92602	Thiès	directory+geonames:2244802 pharmacies+gga
951	14.78944	-16.92602	Thiès	directory+geonames:2244802 pharmacies
951	14.78944	-16.92602	Thiès	directory+geonames:2244802 administrations
951	14.78944	-16.92602	Thiès	directory+geonames:2244802 gga
951	14.78944	-16.92602	Thiès	directory+geonames:2244802 pharmacies
951	14.78944	-16.92602	Thiès	directory+geonames:2244802 justice
951	14.78944	-16.92602	Thiès	directory+geonames:2244802 pharmacies
951	14.78944	-16.92602	Thiès	directory+geonames:2244802 pharmacies
951	14.78944	-16.92602	Thiès	directory+geonames:2244802 gga
951	14.78944	-16.92602	Thiès	directory+geonames:2244802 pharmacies
951	14.78944	-16.92602	Thiès	directory+geonames:2244802 pharmacies
951	14.78944	-16.92602	Thiès	directory+geonames:2244802 pharmacies
951	14.78944	-16.92602	Thiès	directory+geonames:2244802 gga
951	14.78944	-16.92602	Thiès	directory+geonames:2244802 pharmacies
951	14.78944	-16.92602	Thiès	directory+geonames:2244802 gga
951	14.78944	-16.92602	Thiès	directory+geonames:2244802 gga
951	14.78944	-16.92602	Thiès	directory+geonames:2244802 pharmacies+gga
951	14.78944	-16.92602	Thiès	directory+geonames:2244802 pharmacies
951	14.78944	-16.92602	Thiès	directory+geonames:2244802 administrations
951	14.78944	-16.92602	Thiès	directory+geonames:2244802 pharmacies
951	14.78944	-16.92602	Thiès	directory+geonames:2244802 pharmacies
951	14.78944	-16.92602	Thiès	directory+geonames:2244802 administrations
951	14.78944	-16.92602	Thiès	directory+geonames:2244802 pharmacies
951	14.78944	-16.92602	Thiès	directory+geonames:2244802 gga
951	14.78944	-16.92602	Thiès	directory+geonames:2244802 gga+ipmse
952	14.79523	-16.92661	Bakhazi Et Fils	osm
952	14.79484	-16.92581	Big Faim	osm
952	14.77398	-16.94143	Club 2/3 ADAUA	osm
952	14.77774	-16.91196	Ecole Kaba Sall	osm
952	14.77688	-16.90401	Lycée Ahmadou Ndack Seck	osm
952	14.78944	-16.92602	Thiès	directory+geonames:2244802 gga
952	14.78944	-16.92602	Thiès	directory+geonames:2244802 pharmacies
952	14.78944	-16.92602	Thiès	directory+geonames:2244802 gga
953	14.78029	-17.11016	Keur Moussa	directory+geonames:2250128 administrations
953	14.69799	-16.87874	Notto	directory+geonames:2247128 administrations
953	14.77099	-17.06107	Pout	directory+geonames:2246606 pharmacies
953	14.77099	-17.06107	Pout	directory+geonames:2246606 pharmacies
953	14.76989	-16.80716	Thiénaba	directory+geonames:2244585 administrations
953	14.76989	-16.80716	Thiénaba	directory+geonames:2244585 pharmacies
954	14.79422	-16.92488	AgroBio Services	osm
954	14.15341	-16.83502	Auberge le Djembé	osm
954	14.15279	-16.82999	Bureau d'Accueil et d'information du Tourisme	osm
954	14.79143	-16.93420	Groupe scolaire Madibo	osm
954	14.79158	-16.93591	IADL (INSTITUT AFRICAIN DE DÉVELOPPEMENT LOCAL)	osm
954	14.79152	-16.93591	IADL (INSTITUT AFRICAIN DE DÉVELOPPEMENT LOCAL)	osm
954	14.79152	-16.93599	IADL (INSTITUT AFRICAIN DE DÉVELOPPEMENT LOCAL)	osm
954	14.79158	-16.93599	IADL (INSTITUT AFRICAIN DE DÉVELOPPEMENT LOCAL)	osm
954	14.79155	-16.93595	IADL (INSTITUT AFRICAIN DE DÉVELOPPEMENT LOCAL)	osm
954	14.76796	-16.91582	pharmacy	osm
954	14.44111	-17.01944	Saly	directory+geonames:2595222 gga
954	14.44111	-17.01944	Saly	directory+geonames:2595222 gga
954	14.78944	-16.92602	Thiès	directory+geonames:2244802 gga
955	14.94413	-16.82518	Agence Canal plus  Aliou Diop	osm
955	15.00671	-16.74280	Lycée Serigne Amadou Cissé	osm
955	15.10700	-16.83690	Darou Khoudoss	directory+geonames:2253193 pharmacies
955	15.14051	-16.88682	Mboro	directory+geonames:2248515 gga
955	15.14051	-16.88682	Mboro	directory+geonames:2248515 pharmacies
955	15.14051	-16.88682	Mboro	directory+geonames:2248515 gga
955	15.10970	-16.62180	Mékhé	directory+geonames:2248409 pharmacies
955	15.07650	-16.76020	Méouane	directory+geonames:2248397 administrations
955	15.10220	-16.54700	Mérina Dakhar	directory+geonames:2248437 administrations
955	15.07350	-16.34530	Niakhène	directory+geonames:2247303 administrations
955	14.97068	-16.90214	Pambal	directory+geonames:2246832 administrations
955	15.00460	-16.72200	Pire	directory+geonames:2246664 pharmacies
955	14.95186	-16.81520	Tivaouane	directory+geonames:2244386 justice
955	14.95186	-16.81520	Tivaouane	directory+geonames:2244386 pharmacies
955	14.95186	-16.81520	Tivaouane	directory+geonames:2244386 pharmacies
955	14.95186	-16.81520	Tivaouane	directory+geonames:2244386 pharmacies
955	14.95186	-16.81520	Tivaouane	directory+geonames:2244386 administrations
955	14.95186	-16.81520	Tivaouane	directory+geonames:2244386 pharmacies
955	14.95186	-16.81520	Tivaouane	directory+geonames:2244386 justice
956	14.39190	-16.95807	African Institute for Mathematical Sciences	osm
956	14.76361	-16.69160	Khombole	directory+geonames:2249901 pharmacies
956	14.46419	-17.05619	Ngaparou	directory+geonames:2247507 gga+ipmse
956	14.27323	-16.75134	Nguéniène	directory+geonames:2247369 pharmacies
957	14.47915	-17.07637	Africa 6	osm
957	14.44394	-17.00818	Axa Saly	osm
957	14.41777	-16.96444	Centre conseil en santé reproduction et de dépistage anonyme et gratuit pour adolescents et jeunes	osm
957	14.42187	-16.97178	École Hôtelière Critérium THR	osm
957	14.43796	-17.00499	Hotel Neptune	osm
957	14.44319	-17.01305	Hôtel & Spa The Rhino Resort	osm
957	14.43696	-16.99236	Institut René Merceron	osm
957	14.43357	-16.97808	ISS Mbour	osm
957	14.45551	-17.05545	La Maison de Clara	osm
957	14.57976	-17.13920	La Pierre de Lisse	osm
957	14.44846	-17.03578	Lamantin Beach Resort	osm
957	14.44382	-17.01756	Le Petit ZING	osm
957	14.43997	-17.01168	Les Amaryllis	osm
957	14.43323	-16.96664	Pharmacie Maurice Fall	osm
957	14.41802	-16.96343	Pharmacie Nabil Moustapha	osm
957	14.44462	-16.99231	Sall Africa Tourisme	osm
957	14.44516	-17.00140	Saly Services	osm
957	14.44410	-17.00704	Sapeurs Pompiers Saly et Allo Pizza	osm
957	14.44449	-16.99558	Urgences 24	osm
957	14.54177	-16.61538	Fissel	directory+geonames:2251839 administrations
957	14.17309	-16.84929	Joal	directory+geonames:2251084 pharmacies
957	14.17309	-16.84929	Joal	directory+geonames:2251084 pharmacies
957	14.42196	-16.96375	Mbour	directory+geonames:2248477 gga
957	14.42196	-16.96375	Mbour	directory+geonames:2248477 pharmacies+gga
957	14.42196	-16.96375	Mbour	directory+geonames:2248477 justice
957	14.42196	-16.96375	Mbour	directory+geonames:2248477 pharmacies
957	14.42196	-16.96375	Mbour	directory+geonames:2248477 pharmacies
957	14.42196	-16.96375	Mbour	directory+geonames:2248477 pharmacies
957	14.42196	-16.96375	Mbour	directory+geonames:2248477 ipmse
957	14.42196	-16.96375	Mbour	directory+geonames:2248477 pharmacies
957	14.42196	-16.96375	Mbour	directory+geonames:2248477 pharmacies
957	14.42196	-16.96375	Mbour	directory+geonames:2248477 pharmacies
957	14.42196	-16.96375	Mbour	directory+geonames:2248477 justice
957	14.42196	-16.96375	Mbour	directory+geonames:2248477 gga
957	14.42196	-16.96375	Mbour	directory+geonames:2248477 gga
957	14.46419	-17.05619	Ngaparou	directory+geonames:2247507 gga
957	14.55735	-17.11396	Popenguine	directory+geonames:2246637 pharmacies
957	14.44111	-17.01944	Saly	directory+geonames:2595222 gga
957	14.44111	-17.01944	Saly	directory+geonames:2595222 gga
957	14.44111	-17.01944	Saly	directory+geonames:2595222 pharmacies+gga
957	14.44111	-17.01944	Saly	directory+geonames:2595222 gga
957	14.44111	-17.01944	Saly	directory+geonames:2595222 gga
957	14.44111	-17.01944	Saly	directory+geonames:2595222 gga
957	14.44111	-17.01944	Saly	directory+geonames:2595222 ipmse
957	14.42843	-16.75054	Sessène	directory+geonames:2245616 administrations
957	14.58294	-17.03470	Sindia	directory+geonames:2245537 administrations
957	14.48649	-17.07524	Somone	directory+geonames:2245222 pharmacies
957	14.48649	-17.07524	Somone	directory+geonames:2245222 gga
957	14.42038	-16.70258	Thiadiaye	directory+geonames:2244786 pharmacies
958	14.44067	-17.01496	Alexandre Coiffeure	osm
958	14.45252	-17.04686	CUISINE+	osm
958	14.47339	-17.06707	L'Orangeraie	osm
958	14.44444	-17.01243	MAFAIP SENEGAL	osm
958	14.46419	-17.05619	Ngaparou	directory+geonames:2247507 gga
958	14.47665	-17.03596	Nguérigne Bambara	directory+geonames:2247496 gga
958	14.44111	-17.01944	Saly	directory+geonames:2595222 gga
960	16.03708	-16.43570	Boudiouck	directory+osm-place:node/2246843856 gga
961	16.02727	-16.50535	Agence de Presse Sénégalaise	osm
961	16.02633	-16.48008	ARD	osm
961	16.02638	-16.48008	ARD Saint-Louis	osm
961	15.99330	-16.48996	Association Sénégalaise pour le bien-être des familles (ASBEF)	osm
961	15.99889	-16.50979	Auberge Le Pélican	osm
961	16.02381	-16.49035	Bio Ndar	osm
961	16.01663	-16.49849	cabinet dentaire dr talab seck	osm
961	16.02541	-16.50470	CAOSP Saint-Louis	osm
961	16.02700	-16.48914	Centre de recherche biomedicale espoir pour la sante	osm
961	16.01110	-16.49335	Centre de santé de Saint Louis	osm
961	16.02210	-16.48957	Centre medico social	osm
961	16.02637	-16.48021	Chez Naël	osm
961	16.03108	-16.49154	clinique el hadji adama wade	osm
961	16.02302	-16.50417	clinique ndiaye	osm
961	16.02247	-16.50417	cncas Saint-Louis	osm
961	16.03804	-16.50361	Commissariat de Saint-Louis	osm
961	16.02668	-16.48061	Complexe sportif Atlantic	osm
961	16.02147	-16.48783	ESUP Santé	osm
961	16.02276	-16.50406	Galérie Arte	osm
961	16.02032	-16.48877	GEOMATICA	osm
961	16.02344	-16.49067	GROUPE CAFIT	osm
961	16.04201	-16.44120	HAMAM Gassama Esthétique	osm
961	15.99762	-16.51030	Hôtel Dior	osm
961	15.99373	-16.51014	Hôtel Mermoz	osm
961	16.01900	-16.50632	Hotél Pointe du Sud	osm
961	16.02632	-16.48065	Hub Nord by Jokkolabs	osm
961	16.01949	-16.48664	Hub Nord by Jokkolabs Saint-louis	osm
961	16.06458	-16.45016	Infirmerie privée Yaye Bineta	osm
961	16.04185	-16.43258	Institution Présentation de Marie	osm
961	16.02369	-16.49010	La belle étoile " chez Agnes"	osm
961	16.02757	-16.50410	La Résidence	osm
961	16.03848	-16.50355	La Saigonnaise	osm
961	16.01901	-16.49002	Lycée Technique André Peytavin	osm
961	16.01988	-16.49684	Mame Yacine Bop	osm
961	16.02344	-16.50394	O Sésame	osm
961	16.02261	-16.50512	Optivision	osm
961	16.04351	-16.43933	PDIDAS	osm
961	16.00238	-16.48810	pharmacie alhamdoulilah	osm
961	16.02903	-16.50788	pharmacie binta diagne	osm
961	16.04393	-16.50685	Pharmacie Bouchra	osm
961	16.02399	-16.50620	pharmacie boulevard sud	osm
961	16.01351	-16.49382	pharmacie château d'eau	osm
961	16.02532	-16.48767	pharmacie cheikh oumane mbacke	osm
961	16.04767	-16.43321	pharmacie darou salam	osm
961	16.02062	-16.49097	pharmacie du fleuve	osm
961	15.99434	-16.48703	pharmacie guy seddele	osm
961	15.99081	-16.48612	pharmacie hamidou rabi	osm
961	16.02392	-16.49400	pharmacie khadim rassoul	osm
961	16.00574	-16.49058	pharmacie la pikinoise	osm
961	16.02723	-16.48921	pharmacie malang lyss	osm
961	15.99889	-16.49582	pharmacie mame awa	osm
961	16.02524	-16.49653	pharmacie mame madia	osm
961	16.02005	-16.49662	Pharmacie Mame Yacine Bop	osm
961	16.02951	-16.49278	pharmacie mbathio	osm
961	16.03285	-16.47084	Pharmacie Mouhammad Rassoul	osm
961	16.01879	-16.48770	pharmacie ndiolofene	osm
961	16.00902	-16.49376	pharmacie papa latsouck faye	osm
961	16.02688	-16.50506	Pharmacie Principale M. Kandji	osm
961	16.03296	-16.50384	Pharmacie Razakh	osm
961	16.01712	-16.49023	pharmacie régionale d'approvisionnement	osm
961	16.01706	-16.49003	Pharmacie Régionale d'Approvisionnement de Saint-Louis	osm
961	16.02606	-16.50855	pharmacie rokhaya gaye	osm
961	16.01305	-16.49690	pharmacie thierno amadou omar dème	osm
961	16.01630	-16.49029	pharmacie yaye diabou	osm
961	16.01931	-16.50926	Poste de Santé de Guet Ndar	osm
961	16.02015	-16.49679	poste de sante diamaguene	osm
961	16.06289	-16.45574	Prytanée Militaire Charles N'tchoréré de Saint Louis	osm
961	16.07231	-16.44130	Ranch de Bango	osm
961	16.04118	-16.44174	Restaurant Darou Salam	osm
961	16.02875	-16.50429	Restaurant Galaxie	osm
961	16.02382	-16.49038	Restaurant Galaxie	osm
961	16.02204	-16.50419	Saint-Louis Immobilier	osm
961	16.02264	-16.50506	Serigne Abdou Aziz Sy	osm
961	16.01998	-16.49102	SICAUTO	osm
961	16.01887	-16.49937	suma urgences	osm
961	16.03058	-16.50582	Sunu Keur	osm
961	16.02077	-16.48982	Terres Rouges	osm
961	16.06337	-16.42317	Université Gaston Berger	osm
961	15.98847	-16.51137	way/357620041	osm
961	16.01793	-16.48962	Saint-Louis	directory+geonames:2246452 gga+ipmse
961	16.01793	-16.48962	Saint-Louis	directory+geonames:2246452 pharmacies
961	16.01793	-16.48962	Saint-Louis	directory+geonames:2246452 pharmacies
961	16.01793	-16.48962	Saint-Louis	directory+geonames:2246452 justice
961	16.01793	-16.48962	Saint-Louis	directory+geonames:2246452 pharmacies
961	16.01793	-16.48962	Saint-Louis	directory+geonames:2246452 pharmacies
961	16.01793	-16.48962	Saint-Louis	directory+geonames:2246452 pharmacies+gga
961	16.01793	-16.48962	Saint-Louis	directory+geonames:2246452 administrations
961	16.01793	-16.48962	Saint-Louis	directory+geonames:2246452 pharmacies
961	16.01793	-16.48962	Saint-Louis	directory+geonames:2246452 pharmacies
961	16.01793	-16.48962	Saint-Louis	directory+geonames:2246452 gga
961	16.01793	-16.48962	Saint-Louis	directory+geonames:2246452 pharmacies
961	16.01793	-16.48962	Saint-Louis	directory+geonames:2246452 pharmacies
961	16.01793	-16.48962	Saint-Louis	directory+geonames:2246452 pharmacies
961	16.01793	-16.48962	Saint-Louis	directory+geonames:2246452 administrations
961	16.01793	-16.48962	Saint-Louis	directory+geonames:2246452 gga
961	16.01793	-16.48962	Saint-Louis	directory+geonames:2246452 pharmacies
961	16.01793	-16.48962	Saint-Louis	directory+geonames:2246452 pharmacies
961	16.01793	-16.48962	Saint-Louis	directory+geonames:2246452 gga
961	16.01793	-16.48962	Saint-Louis	directory+geonames:2246452 ipmse
961	16.01793	-16.48962	Saint-Louis	directory+geonames:2246452 pharmacies
961	16.01793	-16.48962	Saint-Louis	directory+geonames:2246452 justice
961	16.01793	-16.48962	Saint-Louis	directory+geonames:2246452 gga
961	16.01793	-16.48962	Saint-Louis	directory+geonames:2246452 gga+ipmse
961	16.01793	-16.48962	Saint-Louis	directory+geonames:2246452 gga
962	15.91910	-16.27027	centre de sante de mpal	osm
962	15.92025	-16.27238	clinique le sine	osm
962	16.02628	-16.49049	Diawling	osm
962	15.91783	-16.27407	Pharmacie Mame Rawane Ngom	osm
962	15.91390	-16.25990	Mpal	directory+geonames:2246861 pharmacies
962	16.01793	-16.48962	Saint-Louis	directory+geonames:2246452 gga
963	16.46718	-15.70284	Auberge de la cité plateau	osm
963	16.46737	-15.70311	cabinet dentaire dr ousmane loum	osm
963	16.46035	-15.67639	centre sanitaire secondaire richard toll	osm
963	16.46882	-15.68913	établissement public de sante de richard toll	osm
963	16.52387	-15.50858	Fort de Dagana	osm
963	16.58019	-15.45175	Pharmacie Amadou Djiby sall de Gae	osm
963	16.51897	-15.50938	pharmacie centrale djadime	osm
963	16.50964	-15.51269	pharmacie darou salam	osm
963	16.46586	-15.69804	Pharmacie Escale	osm
963	16.28032	-16.13607	pharmacie kantakaré	osm
963	16.46516	-15.68127	Pharmacie Khadim Khouma	osm
963	16.46289	-15.67708	pharmacie nasrou lahi	osm
963	16.46517	-15.69357	plateau médical seydina alioune	osm
963	16.46609	-15.69713	service médical ipres	osm
963	16.47667	-15.60000	Dagana	directory+geonames:2253375 pharmacies
963	16.47667	-15.60000	Dagana	directory+geonames:2253375 justice
963	16.47667	-15.60000	Dagana	directory+geonames:2253375 administrations
963	16.26583	-15.80000	Mbane	directory+geonames:2248675 administrations
963	16.46250	-15.70083	Richard Toll	directory+geonames:2246544 pharmacies
963	16.46250	-15.70083	Richard Toll	directory+geonames:2246544 ipmse
963	16.27333	-16.13778	Ross Béthio	directory+geonames:2246523 administrations
963	16.27333	-16.13778	Ross Béthio	directory+geonames:2246523 pharmacies
963	16.42028	-15.79834	Rosso	directory+geonames:2246522 pharmacies
964	16.03975	-16.44700	Samu	osm
964	16.02643	-16.48015	SENPROMED	osm
964	15.08893	-12.69980	Dembankané	directory+geonames:2253037 pharmacies
964	15.60588	-13.32230	Ourossogui	directory+geonames:2246922 ipmse
964	15.19422	-12.94482	Semmé	directory+geonames:2245666 pharmacies
965	16.60700	-14.77344	case de sante diama alwaly	osm
965	16.10539	-13.95356	La Banque Agricole	osm
965	16.51055	-14.64605	pharmacie almamy	osm
965	16.39345	-14.32363	pharmacie du lao	osm
965	16.54885	-14.75424	pharmacie mamadou aly baro	osm
965	16.51759	-15.09077	Pharmacie Thillé Boubacar	osm
965	16.51063	-14.65233	pharmacie yelitaaré	osm
965	16.39697	-14.32196	Aéré Lao	directory+geonames:2251178 pharmacies
965	16.37863	-14.05603	Cascas	directory+geonames:2250743 administrations
965	16.51592	-14.69846	Gamadji Saré	directory+geonames:2251711 administrations
965	16.51293	-14.64706	Ndioum	directory+geonames:2247684 pharmacies
965	16.64892	-14.96073	Podor	directory+geonames:6650652 administrations
965	16.64892	-14.96073	Podor	directory+geonames:6650652 pharmacies
965	16.64892	-14.96073	Podor	directory+geonames:6650652 justice
965	16.16217	-13.88537	Saldé	directory+geonames:2246432 administrations
965	16.51667	-15.08333	Thillé Boubacar	directory+geonames:2244798 administrations
966	15.65355	-13.25509	Agence Nationale de la Statistique et de la Démographie	osm
966	15.59310	-13.31212	La maison des Yvelines - VN Fouta	osm
966	15.65845	-13.25510	Mec Bamtaaré	osm
966	15.48749	-13.17927	SDDR Kanel	osm
966	16.00500	-13.69306	Agnam Civol	directory+geonames:8556219 administrations
966	15.88751	-13.49164	Bokidiawé	directory+geonames:2253736 pharmacies
966	15.65587	-13.25544	Matam	directory+geonames:2248752 pharmacies
966	15.65587	-13.25544	Matam	directory+geonames:2248752 administrations
966	15.55163	-13.29683	Ogo	directory+geonames:2247105 administrations
966	15.28211	-12.96114	Orkadiéré	directory+geonames:2247085 administrations
966	15.28211	-12.96114	Orkadiéré	directory+geonames:2247085 pharmacies
966	15.60588	-13.32230	Ourossogui	directory+geonames:2246922 pharmacies
966	15.60588	-13.32230	Ourossogui	directory+geonames:2246922 pharmacies
966	15.36736	-13.13471	Sinthiou Bamambé	directory+geonames:2245427 administrations
966	15.36736	-13.13471	Sinthiou Bamambé	directory+geonames:2245427 pharmacies
966	15.92389	-13.65778	Thilogne	directory+geonames:2244797 pharmacies
966	15.26367	-12.86821	Waoundé	directory+geonames:2247044 pharmacies
967	15.62428	-16.22491	CAOSP Louga	osm
967	15.67487	-16.11705	PHARMACIE NIOMRE	osm
967	15.50480	-15.98910	Coki	directory+geonames:2249797 administrations
967	15.92290	-15.96810	Keur Momar Sarr	directory+geonames:2250150 administrations
967	15.61867	-16.22436	Louga	directory+geonames:2249222 pharmacies
967	15.61867	-16.22436	Louga	directory+geonames:2249222 pharmacies
967	15.61867	-16.22436	Louga	directory+geonames:2249222 justice
967	15.61867	-16.22436	Louga	directory+geonames:2249222 administrations
967	15.61867	-16.22436	Louga	directory+geonames:2249222 administrations
967	15.61867	-16.22436	Louga	directory+geonames:2249222 pharmacies
967	15.61867	-16.22436	Louga	directory+geonames:2249222 gga
967	15.61867	-16.22436	Louga	directory+geonames:2249222 pharmacies
967	15.61867	-16.22436	Louga	directory+geonames:2249222 administrations
967	15.61867	-16.22436	Louga	directory+geonames:2249222 gga
967	15.61867	-16.22436	Louga	directory+geonames:2249222 pharmacies
967	15.50360	-16.19970	Mbédiène	directory+geonames:2248613 administrations
967	15.82190	-16.21550	Sakal	directory+geonames:2246445 administrations
968	15.39672	-15.11562	Hotel Amadou Seck	osm
968	15.27600	-14.86940	Barkédji	directory+geonames:2254134 administrations
968	15.34844	-15.47993	Dahra	directory+geonames:2253277 pharmacies
968	15.34844	-15.47993	Dahra	directory+geonames:2253277 pharmacies
968	15.34844	-15.47993	Dahra	directory+geonames:2253277 justice
968	15.53150	-14.95170	Dodji	directory+geonames:2252191 administrations
968	15.39530	-15.11930	Linguère	directory+geonames:2249281 administrations
968	15.39530	-15.11930	Linguère	directory+geonames:2249281 pharmacies
968	15.39530	-15.11930	Linguère	directory+geonames:2249281 justice
968	15.21940	-15.55680	Sagatta Djolof	directory+geonames:2246470 administrations
968	15.59150	-15.34200	Yang Yang	directory+geonames:2244032 administrations
969	15.03860	-16.04640	Darou Mousty	directory+geonames:2253170 administrations
969	15.48333	-16.35000	Guéoul	directory+geonames:2251292 pharmacies
969	15.36500	-16.43390	Kébémer	directory+geonames:2250659 administrations
969	15.36500	-16.43390	Kébémer	directory+geonames:2250659 justice
969	15.36500	-16.43390	Kébémer	directory+geonames:2250659 pharmacies
969	15.36500	-16.43390	Kébémer	directory+geonames:2250659 pharmacies+gga
969	15.27300	-16.53100	Ndande	directory+geonames:2248075 administrations
969	15.27580	-16.17390	Sagatta Gueth	directory+geonames:2246469 administrations
970	14.85847	-15.87836	Sctdf Touba Darou Fanaye	osm
970	14.86229	-15.87532	Touba	directory+geonames:2244322 ipmse
971	14.64402	-16.23233	Centre National de Formation des Techniciens en Maintenance Hospitalière	osm
971	14.65810	-16.24084	Institut Africain de Santé Sociale Mame Diarra Bousso	osm
971	14.64792	-16.24363	Diourbel	directory+geonames:2252309 pharmacies
971	14.64792	-16.24363	Diourbel	directory+geonames:2252309 pharmacies
971	14.64792	-16.24363	Diourbel	directory+geonames:2252309 pharmacies
971	14.64792	-16.24363	Diourbel	directory+geonames:2252309 pharmacies
971	14.64792	-16.24363	Diourbel	directory+geonames:2252309 pharmacies
971	14.64792	-16.24363	Diourbel	directory+geonames:2252309 gga
971	14.64792	-16.24363	Diourbel	directory+geonames:2252309 justice
971	14.64792	-16.24363	Diourbel	directory+geonames:2252309 ansd
971	14.64792	-16.24363	Diourbel	directory+geonames:2252309 administrations
971	14.64792	-16.24363	Diourbel	directory+geonames:2252309 pharmacies
971	14.64792	-16.24363	Diourbel	directory+geonames:2252309 administrations
971	14.64792	-16.24363	Diourbel	directory+geonames:2252309 administrations
971	14.64792	-16.24363	Diourbel	directory+geonames:2252309 pharmacies
971	14.64792	-16.24363	Diourbel	directory+geonames:2252309 pharmacies
973	14.94320	-16.49045	Baba Garage	directory+geonames:2254599 administrations
973	14.70074	-16.45911	Bambey	directory+geonames:7670740 justice
973	14.70074	-16.45911	Bambey	directory+geonames:7670740 pharmacies
973	14.70074	-16.45911	Bambey	directory+geonames:7670740 administrations
973	14.70074	-16.45911	Bambey	directory+geonames:7670740 pharmacies
973	14.72429	-16.56699	Dangalma	directory+geonames:2253305 pharmacies
973	14.80420	-16.53298	Lambaye	directory+geonames:2249406 administrations
973	14.64005	-16.43306	Ngoye	directory+geonames:2247386 administrations
974	14.86229	-15.87532	Touba	directory+geonames:2244322 gga
974	14.86229	-15.87532	Touba	directory+geonames:2244322 pharmacies
974	14.86229	-15.87532	Touba	directory+geonames:2244322 pharmacies
974	14.86229	-15.87532	Touba	directory+geonames:2244322 pharmacies
975	14.86902	-15.87578	Établissement Amadou cisse(multi services)	osm
975	14.71315	-15.90523	Kaël	directory+geonames:2251015 administrations
975	14.79032	-15.90803	Mbacké	directory+geonames:2248698 administrations
975	14.82003	-15.87476	Ndame	directory+geonames:2248087 administrations
976	14.79032	-15.90803	Mbacké	directory+geonames:2248698 justice
976	14.79032	-15.90803	Mbacké	directory+geonames:2248698 justice
976	14.79032	-15.90803	Mbacké	directory+geonames:2248698 gga
976	14.86229	-15.87532	Touba	directory+geonames:2244322 gga
976	14.86229	-15.87532	Touba	directory+geonames:2244322 gga
976	14.86229	-15.87532	Touba	directory+geonames:2244322 gga
978	14.87506	-15.88241	Poste de santé Serigne Mouhamadou Moustapha Mbacke	osm
978	14.85736	-15.87842	Touba Graphics	osm
978	14.86229	-15.87532	Touba	directory+geonames:2244322 pharmacies
978	14.86229	-15.87532	Touba	directory+geonames:2244322 gga
978	14.86229	-15.87532	Touba	directory+geonames:2244322 pharmacies
978	14.86229	-15.87532	Touba	directory+geonames:2244322 gga
978	14.86229	-15.87532	Touba	directory+geonames:2244322 pharmacies
978	14.86229	-15.87532	Touba	directory+geonames:2244322 pharmacies
978	14.86229	-15.87532	Touba	directory+geonames:2244322 gga
979	14.86921	-15.87585	Pharmacie Cheikh Akhmadou Bamba	osm
980	12.55561	-12.18076	Kédougou	directory+geonames:2250645 ipmse
981	13.76586	-13.67257	Auberge Afia	osm
981	13.02598	-13.23809	Campement du Lion	osm
981	13.77793	-13.67545	Inspection d'Académie	osm
981	13.77554	-13.68933	Le Malaika	osm
981	13.76528	-13.67580	Mame Diarra Bousso	osm
981	13.77240	-13.67698	Tamba Express	osm
981	13.77073	-13.66734	Tambacounda	directory+geonames:2244991 justice
981	13.77073	-13.66734	Tambacounda	directory+geonames:2244991 pharmacies
981	13.77073	-13.66734	Tambacounda	directory+geonames:2244991 administrations
981	13.77073	-13.66734	Tambacounda	directory+geonames:2244991 justice
981	13.77073	-13.66734	Tambacounda	directory+geonames:2244991 administrations
981	13.77073	-13.66734	Tambacounda	directory+geonames:2244991 gga
981	13.77073	-13.66734	Tambacounda	directory+geonames:2244991 gga
981	13.77073	-13.66734	Tambacounda	directory+geonames:2244991 pharmacies
981	13.77073	-13.66734	Tambacounda	directory+geonames:2244991 pharmacies
981	13.77073	-13.66734	Tambacounda	directory+geonames:2244991 pharmacies+gga
981	13.77073	-13.66734	Tambacounda	directory+geonames:2244991 administrations
981	13.77073	-13.66734	Tambacounda	directory+geonames:2244991 gga
981	13.77073	-13.66734	Tambacounda	directory+geonames:2244991 gga+ipmse
982	13.34928	-13.37714	Campement Hôtel de Wassadou	osm
982	13.98333	-14.56667	Koumpentoum	directory+geonames:2249576 administrations
982	13.98333	-14.56667	Koumpentoum	directory+geonames:2249576 pharmacies
982	13.86667	-14.08333	Koussanar	directory+geonames:2249493 administrations
982	13.64696	-14.25212	Maka Coulibantang	directory+geonames:11495813 administrations
982	13.53333	-13.51667	Missirah	directory+geonames:2248325 administrations
983	14.90238	-12.45935	Bakel	directory+geonames:2254441 administrations
983	14.90238	-12.45935	Bakel	directory+geonames:2254441 pharmacies
983	14.90238	-12.45935	Bakel	directory+geonames:2254441 pharmacies
983	14.03333	-13.16667	Bala	directory+geonames:2254418 administrations
983	15.02196	-12.54374	Diawara	directory+geonames:2252606 administrations
983	15.02196	-12.54374	Diawara	directory+geonames:2252606 pharmacies
983	14.18146	-12.71803	Goudiry	directory+geonames:2251473 administrations
983	14.18146	-12.71803	Goudiry	directory+geonames:2251473 pharmacies
983	14.45668	-12.21659	Kidira	directory+geonames:2249892 administrations
983	14.45668	-12.21659	Kidira	directory+geonames:2249892 pharmacies
985	12.56094	-12.19101	Centre Académique de l'Orientation Scolaire et Professionnelle	osm
985	12.55364	-12.18235	Inspection d'Académie	osm
985	12.53965	-12.31061	Bandafassi	directory+geonames:2254289 administrations
985	12.42250	-12.01020	Fongolimbi	directory+geonames:2251821 administrations
985	12.55561	-12.18076	Kédougou	directory+geonames:2250645 administrations
985	12.55561	-12.18076	Kédougou	directory+geonames:2250645 justice
985	12.55561	-12.18076	Kédougou	directory+geonames:2250645 gga
985	12.55561	-12.18076	Kédougou	directory+geonames:2250645 ansd
985	12.55561	-12.18076	Kédougou	directory+geonames:2250645 justice
990	12.56801	-16.27326	Ziguinchor	directory+geonames:2243940 gga
990	12.56801	-16.27326	Ziguinchor	directory+geonames:2243940 gga
991	12.57254	-16.25855	Baneto	osm
991	12.57664	-16.25456	Bassembo Diandy	osm
991	12.57515	-16.25586	Hamza Ben A Moutalib	osm
991	12.58848	-16.27452	Hôtel Kadiandoumagne	osm
991	12.57734	-16.25736	Pharmacie du Stade	osm
991	12.58305	-16.26698	Université Catholique de l'Afrique de l'Ouest	osm
991	12.57778	-15.87222	Goudomp	directory+geonames:2251470 pharmacies
991	12.56667	-16.25000	Kandé	directory+geonames:2250888 justice
991	12.56917	-16.17361	Niaguis	directory+geonames:2247311 administrations
991	12.47056	-16.38278	Nyassia	directory+geonames:2247116 administrations
991	12.56801	-16.27326	Ziguinchor	directory+geonames:2243940 gga
991	12.56801	-16.27326	Ziguinchor	directory+geonames:2243940 gga
991	12.56801	-16.27326	Ziguinchor	directory+geonames:2243940 justice
991	12.56801	-16.27326	Ziguinchor	directory+geonames:2243940 pharmacies
991	12.56801	-16.27326	Ziguinchor	directory+geonames:2243940 gga
991	12.56801	-16.27326	Ziguinchor	directory+geonames:2243940 pharmacies+gga
991	12.56801	-16.27326	Ziguinchor	directory+geonames:2243940 pharmacies+gga
991	12.56801	-16.27326	Ziguinchor	directory+geonames:2243940 pharmacies
991	12.56801	-16.27326	Ziguinchor	directory+geonames:2243940 gga
991	12.56801	-16.27326	Ziguinchor	directory+geonames:2243940 pharmacies
991	12.56801	-16.27326	Ziguinchor	directory+geonames:2243940 pharmacies
991	12.56801	-16.27326	Ziguinchor	directory+geonames:2243940 pharmacies
991	12.56801	-16.27326	Ziguinchor	directory+geonames:2243940 administrations
991	12.56801	-16.27326	Ziguinchor	directory+geonames:2243940 pharmacies
991	12.56801	-16.27326	Ziguinchor	directory+geonames:2243940 pharmacies
991	12.56801	-16.27326	Ziguinchor	directory+geonames:2243940 pharmacies
991	12.56801	-16.27326	Ziguinchor	directory+geonames:2243940 pharmacies
991	12.56801	-16.27326	Ziguinchor	directory+geonames:2243940 administrations
991	12.56801	-16.27326	Ziguinchor	directory+geonames:2243940 gga
991	12.56801	-16.27326	Ziguinchor	directory+geonames:2243940 gga+ipmse
991	12.56801	-16.27326	Ziguinchor	directory+geonames:2243940 justice
991	12.56801	-16.27326	Ziguinchor	directory+geonames:2243940 gga
992	12.56758	-16.26861	groupe scolaire mamadou gassama	osm
993	12.39364	-16.74114	campement COURIKO	osm
993	12.48618	-16.52634	Campement Hotel des Bolongs	osm
993	12.35556	-16.72056	Cabrousse	directory+geonames:2251055 administrations
993	12.35011	-16.71707	Cap Skirring	directory+geonames:7302183 gga
993	12.35011	-16.71707	Cap Skirring	directory+geonames:7302183 pharmacies+gga
993	12.51361	-16.60333	Loudia Ouolof	directory+geonames:2249225 administrations
993	12.48500	-16.54694	Oussouye	directory+geonames:2246901 pharmacies
993	12.48500	-16.54694	Oussouye	directory+geonames:2246901 justice
993	12.48500	-16.54694	Oussouye	directory+geonames:2246901 administrations
994	12.78852	-16.21741	Lycée Technique Agricole Emile Badiane	osm
994	12.81028	-16.22639	Bignona	directory+geonames:2253901 pharmacies
994	12.81028	-16.22639	Bignona	directory+geonames:2253901 administrations
994	12.81028	-16.22639	Bignona	directory+geonames:2253901 justice
994	12.81028	-16.22639	Bignona	directory+geonames:2253901 pharmacies
994	13.05009	-16.59978	Diouloulou	directory+geonames:2252336 administrations
994	12.92528	-16.73889	Kafountine	directory+geonames:2251002 pharmacies
994	12.96306	-16.18194	Sindian	directory+geonames:2245535 administrations
994	12.72861	-16.46583	Tendouck	directory+geonames:2244847 administrations
994	12.80700	-16.20400	Tenghori	directory+geonames:11395355 administrations
995	12.76861	-15.56194	Diendé	directory+geonames:2252560 administrations
995	12.79194	-15.96778	Djibabouya	directory+geonames:2252280 administrations
995	12.70806	-15.55694	Sédhiou	directory+geonames:2245704 pharmacies
995	12.70806	-15.55694	Sédhiou	directory+geonames:2245704 justice
995	12.70806	-15.55694	Sédhiou	directory+geonames:2245704 administrations
996	12.87460	-14.95420	le firdou	osm
996	12.87734	-14.91097	Relais de Kolda	osm
996	12.88333	-14.48333	Dabo	directory+geonames:2253408 administrations
996	12.81667	-14.86667	Dioulacolon	directory+geonames:2252344 administrations
996	12.89390	-14.94125	Kolda	directory+geonames:2249782 ansd
996	12.89390	-14.94125	Kolda	directory+geonames:2249782 justice
996	12.89390	-14.94125	Kolda	directory+geonames:2249782 pharmacies
996	12.89390	-14.94125	Kolda	directory+geonames:2249782 pharmacies
996	12.89390	-14.94125	Kolda	directory+geonames:2249782 administrations
996	12.89390	-14.94125	Kolda	directory+geonames:2249782 administrations
996	12.89390	-14.94125	Kolda	directory+geonames:2249782 pharmacies
996	12.89390	-14.94125	Kolda	directory+geonames:2249782 pharmacies
996	12.89390	-14.94125	Kolda	directory+geonames:2249782 pharmacies
996	12.89390	-14.94125	Kolda	directory+geonames:2249782 administrations
996	12.89390	-14.94125	Kolda	directory+geonames:2249782 pharmacies
997	13.03333	-13.93333	Bonconto	directory+geonames:2253680 administrations
997	12.93333	-14.08333	Kounkané	directory+geonames:2249545 administrations
997	12.93333	-14.08333	Kounkané	directory+geonames:2249545 pharmacies
997	13.13607	-13.75566	Médina Gounass	directory+geonames:2248433 pharmacies
997	12.75000	-13.96667	Pakour	directory+geonames:2246864 administrations
997	13.15000	-14.11667	Vélingara	directory+geonames:2244177 justice
